locus	chrom	start	end	bin_size	comparison	pearson	n_bins	n_finite_pairs	source_label
BCL11A	chr2	60005424	61005424	100	prediction_vs_gt	0.7765514686597157	10000	10000	check4hic2_anewPaper_single_sample
BCL11A	chr2	60005424	61005424	100	atac_baseline_vs_gt	0.5154687214852836	10000	10000	check4hic2_anewPaper_single_sample
ASXL1	chr20	31898825	32898825	100	prediction_vs_gt	0.6387540441470838	10000	10000	check4hic2_anewPaper_single_sample
ASXL1	chr20	31898825	32898825	100	atac_baseline_vs_gt	0.5021475336202038	10000	10000	check4hic2_anewPaper_single_sample
